Protein1,Protein2,AbsPos1,AbsPos2
Gal4VP16,Gal4VP16,23,30
Gal4VP16,Gal4VP16,23,43
Gal4VP16,Gal4VP16,27,43
Gal4VP16,Gal4VP16,30,20
Gal4VP16,Gal4VP16,33,20
Gal4VP16,Gal4VP16,33,27
Gal4VP16,Gal4VP16,33,43
Gal4VP16,Gal4VP16,43,20
Gal4VP16,Gal4VP16,82,20
Gal4VP16,Gal4VP16,82,30
Gal4VP16,Gal4VP16,82,43
Gal4VP16,Gal4VP16,82,139
Gal4VP16,Gal4VP16,90,20
Gal4VP16,Gal4VP16,90,30
Gal4VP16,Gal4VP16,90,139
Gal4VP16,Gal4VP16,104,20
Gal4VP16,Gal4VP16,104,139
Gal4VP16,Gal4VP16,139,20
Gal4VP16,Gal4VP16,139,23
Gal4VP16,Gal4VP16,139,27
Gal4VP16,Gal4VP16,139,30
Gal4VP16,Gal4VP16,139,43
Gal4VP16,Gal4VP16,139,139
Gal4VP16,Med15,104,229
Gal4VP16,Med15,104,781
Gal4VP16,Med15,139,50
Gal4VP16,Med15,139,180
Gal4VP16,Med15,139,229
Gal4VP16,Med15,139,515
Gal4VP16,Med15,139,523
Gal4VP16,Med15,139,548
Gal4VP16,Med15,139,760
Gal4VP16,Med15,139,813
Gal4VP16,Med15,139,817
Gal4VP16,Med15,139,850
Gal4VP16,Med16,139,483
Med14,Med14,856,878
Med14,Med14,1041,1032
Med15,Gal4VP16,85,139
Med15,Gal4VP16,174,139
Med15,Gal4VP16,356,30
Med15,Gal4VP16,356,139
Med15,Gal4VP16,542,139
Med15,Gal4VP16,755,139
Med15,Gal4VP16,802,139
Med15,Gal4VP16,850,30
Med15,Med14,975,848
Med15,Med14,1001,848
Med15,Med15,44,50
Med15,Med15,44,73
Med15,Med15,50,180
Med15,Med15,50,339
Med15,Med15,64,59
Med15,Med15,73,59
Med15,Med15,98,229
Med15,Med15,174,217
Med15,Med15,174,221
Med15,Med15,174,339
Med15,Med15,180,229
Med15,Med15,180,344
Med15,Med15,180,348
Med15,Med15,180,548
Med15,Med15,180,760
Med15,Med15,217,229
Med15,Med15,221,209
Med15,Med15,221,339
Med15,Med15,229,339
Med15,Med15,229,348
Med15,Med15,229,548
Med15,Med15,229,760
Med15,Med15,321,180
Med15,Med15,321,229
Med15,Med15,321,339
Med15,Med15,333,317
Med15,Med15,333,339
Med15,Med15,339,348
Med15,Med15,344,348
Med15,Med15,356,50
Med15,Med15,356,180
Med15,Med15,356,229
Med15,Med15,356,339
Med15,Med15,356,344
Med15,Med15,356,348
Med15,Med15,515,585
Med15,Med15,540,548
Med15,Med15,542,548
Med15,Med15,575,523
Med15,Med15,575,609
Med15,Med15,755,766
Med15,Med15,755,780
Med15,Med15,755,781
Med15,Med15,766,755
Med15,Med15,766,760
Med15,Med15,766,781
Med15,Med15,780,180
Med15,Med15,780,760
Med15,Med15,780,817
Med15,Med15,781,180
Med15,Med15,781,229
Med15,Med15,781,760
Med15,Med15,781,817
Med15,Med15,781,850
Med15,Med15,802,180
Med15,Med15,802,755
Med15,Med15,802,760
Med15,Med15,802,780
Med15,Med15,802,781
Med15,Med15,802,817
Med15,Med15,813,780
Med15,Med15,813,781
Med15,Med15,813,850
Med15,Med15,817,850
Med15,Med15,850,951
Med15,Med15,856,951
Med15,Med15,918,923
Med15,Med15,918,951
Med15,Med15,939,918
Med15,Med15,939,946
Med15,Med15,939,951
Med15,Med15,951,946
Med15,Med16,802,953
Med15,Med16,975,912
Med15,Med3,975,70
Med15,Med3,975,77
Med16,Gal4VP16,322,139
Med16,Gal4VP16,684,139
Med16,Med14,790,1032
Med16,Med14,801,1032
Med16,Med15,322,180
Med16,Med15,322,229
Med16,Med15,322,780
Med16,Med15,322,813
Med16,Med15,322,817
Med16,Med15,485,781
Med16,Med15,684,813
Med16,Med15,684,850
Med16,Med15,684,856
Med16,Med15,912,968
Med16,Med16,147,167
Med16,Med16,158,276
Med16,Med16,167,173
Med16,Med16,167,922
Med16,Med16,167,924
Med16,Med16,167,953
Med16,Med16,171,527
Med16,Med16,171,898
Med16,Med16,200,953
Med16,Med16,366,483
Med16,Med16,366,485
Med16,Med16,527,173
Med16,Med16,544,483
Med16,Med16,544,485
Med16,Med16,558,485
Med16,Med16,653,953
Med16,Med16,684,953
Med16,Med16,761,753
Med16,Med16,887,893
Med16,Med16,912,898
Med16,Med16,922,167
Med16,Med16,922,898
Med16,Med16,922,953
Med16,Med16,924,167
Med16,Med16,924,953
Med16,Med16,943,167
Med16,Med16,943,922
Med16,Med5,276,821
Med16,Med5,276,878
Med16,Med5,276,880
Med16,Med5,383,1076
Med2,Med2,31,76
Med3,Med3,63,70
Med3,Med3,63,77
Med3,Med3,77,70
Med5,Med16,418,184
Med5,Med16,422,276
Med5,Med16,821,305
Med5,Med16,938,184
Med5,Med16,942,1
Med5,Med16,943,184
Med5,Med16,955,184
Med5,Med16,1110,526
Med5,Med5,406,286
Med5,Med5,406,289
Med5,Med5,406,409
Med5,Med5,406,880
Med5,Med5,406,955
Med5,Med5,409,406
Med5,Med5,409,409
Med5,Med5,409,880
Med5,Med5,418,406
Med5,Med5,422,406
Med5,Med5,422,409
Med5,Med5,422,880
Med5,Med5,553,593
Med5,Med5,593,1076
Med5,Med5,821,880
Med5,Med5,880,409
Med5,Med5,880,880
Med5,Med5,938,1115
Med5,Med5,955,286
Med5,Med5,955,289
Med5,Med5,995,998
Med5,Med5,995,1069
Med5,Med5,995,1076
Med5,Med5,995,1079
Med5,Med5,998,995
Med5,Med5,998,1069
Med5,Med5,998,1076
Med5,Med5,998,1079
Med5,Med5,1004,1069
Med5,Med5,1004,1076
Med5,Med5,1011,996
Med5,Med5,1011,1069
Med5,Med5,1011,1076
Med5,Med5,1069,593
Med5,Med5,1110,995
Med5,Med5,1115,938
Med5,Med5,1122,938